{"cameraMode":{"drawMode":0,"name":"Shaded","section":"Shading Mode"},"sceneLighting":true,"audioPlay":false,"sceneViewState":{"m_AlwaysRefresh":false,"showFog":true,"showSkybox":true,"showFlares":true,"showImageEffects":true,"showParticleSystems":true,"showVisualEffectGraphs":true,"m_FxEnabled":true},"in2DMode":false,"pivot":{"x":-10.111352920532227,"y":8.006444931030274,"z":-8.644758224487305},"rotation":{"x":-0.08980605751276016,"y":-0.04003031179308891,"z":0.0036126801278442146,"w":-0.9951496720314026},"size":5.750673294067383,"orthographic":false}